{
  "chinese": "chinese",
  "chines": "chinese",
  "south india": "South Indian",
  "biryani": "South Indian",
  "hyderabadi": "South Indian",
  "soth india": "South Indian",
  "north india": "North Indian",
  "mughlai": "North Indian",
  "indian": "North Indian",
  "north": "North Indian",
  "mexico": "mexican",
  "mexicana": "mexican",
  "bombay": "Mumbai",
  "bambai": "Mumbai",
  "veggie": "vegetarian",
  "vegg": "vegetarian",
  "veg": "vegetarian",
  "nonveggie": "non-vegetarian",
  "nonveg": "non-vegetarian",
  "mid": "moderate",
  "medium": "moderate",
  "middle": "moderate",
  "less": "low",
  "very low": "low",
  "least": "low",
  "cheap": "low",
  "cheapest": "low",
  "costly": "high",
  "high end": "high",
  "expensive": "high",
  "top": "high",
  "costliest": "high",
  "amadavad": "ahmedabad",
  "bengaluru": "bangalore",
  "bengalor": "bangalore",
  "bangaluru": "bangalore",
  "bangloro": "bangalore",
  "channai": "chennai",
  "madras": "chennai",
  "maddras": "chennai",
  "chenna": "chennai",
  "new delhi": "delhi",
  "newdelhi": "delhi",
  "dilli": "delhi",
  "nayi dilli": "delhi",
  "calcutta": "kolkata",
  "kolkota": "kolkata",
  "kolkatta": "kolkata",
  "poona": "pune",
  "puducherry": "pondicherry",
  "pondy": "pondicherry",
  "trivandrum": "thiruvananthapuram",
  "vizag": "visakhapatnam",
  "waltair": "visakhapatnam",
  "palghat": "palakkad",
  "rajamahendravaram": "rajahmundry",
  "trichy": "tiruchirappalli",
  "nellai": "tirunelveli",
  "tinnevelly": "tirunelveli",
  "tirupur": "tiruppur",
  "kashi": "varanasi",
  "banaras": "varanasi",
  "benares": "varanasi",
  "calicut": "kozhikode",
  "baroda": "vadodara",
  "cannanore": "kannur",
  "gurugram": "gurgaon",
  "bhilai": "durg-bhilai nagar",
  "bhilai nagar": "durg-bhilai nagar",
  "prayag": "allahabad,",
  "belagavi": "belgaum,",
  "kovai": "coimbatore",
  "dehra dun": "dehradun",
  "mangaluru": "mangalore",
  "manguluru": "mangalore",
  " pune": "pune",
  "moderate": "mid",
  "four": "4",
  "hi 30": "delhi",
  "": "300",
  "below 700": "lesser 300",
  "> 700": "More than 700",
  "costly option": "More than 700",
  "md@gs.co": "md@gs.com",
  "und mu": "Mumbai",
  " go": "Goa",
  " bhop": "Bhopal",
  "r mexican re": "mexican",
  "american": "American"
}